{
  "project_info": {
    "project_number": "5487158918",
    "firebase_url": "https://ifit2-75282-default-rtdb.firebaseio.com",
    "project_id": "ifit2-75282",
    "storage_bucket": "ifit2-75282.appspot.com"
  },
  "client": [
    {
      "client_info": {
        "mobilesdk_app_id": "1:5487158918:android:15defa2d608667034c9307",
        "android_client_info": {
          "package_name": "com.example.ifit"
        }
      },
      "oauth_client": [
        {
          "client_id": "5487158918-ul799n1sg5mb2o56rn3oljr5brfn6a9p.apps.googleusercontent.com",
          "client_type": 3
        }
      ],
      "api_key": [
        {
          "current_key": "AIzaSyCLab1kNPh37vsF9KdBB8nnenlNdMeDhRg"
        }
      ],
      "services": {
        "appinvite_service": {
          "other_platform_oauth_client": [
            {
              "client_id": "5487158918-ul799n1sg5mb2o56rn3oljr5brfn6a9p.apps.googleusercontent.com",
              "client_type": 3
            }
          ]
        }
      }
    }
  ],
  "configuration_version": "1"
}